,cv_f1_macro,test_accuracy
RandomForest,0.482858528480045,0.9039301310043668
GradientBoosting,0.5366959408684628,0.8820960698689956
